conceptoid,concepto,centro_costo_id,activa
1,Gallinas,1,True
2,Administración,2,True
3,Arriendo,2,True
4,Aseo,2,True
5,Internet,2,True
6,Mantenimiento,2,True
7,Servicios públicos,2,True
8,Abono,3,True
9,Certificados de libertad El Avila,3,True
10,Copia escritura hipoteca conavi,3,True
11,Documentos,3,True
12,Escritura 402,3,True
13,Intereses,3,True
14,Levantamiento Bancolombia,3,True
15,Proceso compra venta J. Zuñiga,3,True
16,Vueltas levatar valorización,3,True
17,Ajustes,4,True
18,Bancos,4,True
19,Comisiones,4,True
20,Compras,4,True
21,Cuota de manejo,4,True
22,Devoluciones,4,True
23,Intereses,4,True
24,Pagos,4,True
25,Retiro Cajeros,4,True
26,Beguido-Venta,5,True
27,Escritura,5,True
28,Rte Fte,5,True
29,Alambre,7,True
30,Árboles,7,True
31,Atomizadores,7,True
32,Ayudantes,7,True
33,Entrenamientos,7,True
34,Envios,7,True
35,Eventos,7,True
36,Fertilizantes,7,True
37,Herramientas,7,True
38,Mantenimientos,7,True
39,Materas,7,True
40,Materiales,7,True
41,Sustratos,7,True
42,Trasporte,7,True
43,Ventas,7,True
44,Insumos,8,True
45,MO Halis,8,True
46,Musgos,8,True
47,Otros,8,True
48,Trasporte,8,True
49,Ventas,8,True
50,Luis Fernando Londoño,9,True
51,Atomizadores,9,True
52,Ayudantes,9,True
53,Entrenamientos,9,True
54,Envios,9,True
55,Equipos,9,True
56,Eventos,9,True
57,Fertilizantes,9,True
58,Frascos,9,True
59,Herramientas,9,True
60,Impresión 3D,9,True
61,Lámparas,9,True
62,Mantenimientos,9,True
63,Materiales,9,True
64,Musgos,9,True
65,Orquídeas,9,True
66,Plantas,9,True
67,Sustratos,9,True
68,Trasporte,9,True
69,Ventas,9,True
70,Vidrios,9,True
71,Vitrales,9,True
72,Audi Q5,10,True
73,Casco,10,True
74,Diesel,10,True
75,Gasolina,10,True
76,ICar 03,10,True
77,Impuestos,10,True
78,Lavadas,10,True
79,Mantenimiento,10,True
80,Multas,10,True
81,Parqueadero,10,True
82,Peajes,10,True
83,Seguro,10,True
84,Soat,10,True
85,Tecno Mecánica,10,True
86,ToyotaCross,10,True
87,Consultoria,11,True
88,CorAntioquia,12,True
89,Bicicleta,13,True
90,Deporte,13,True
91,Gym,13,True
92,Refrigerios,13,True
93,Charturbate,14,True
94,Diversión,14,True
95,Fiestas,14,True
96,Corpaul,15,True
97,Donaciones,15,True
98,Otros,15,True
99,Coursera,16,True
100,Gemini,16,True
101,GitHub,16,True
102,Microsoft,16,True
103,OpenAI,16,True
104,PDF Filler,16,True
105,PH360,16,True
106,Udemy,16,True
107,YouTube,16,True
108,Predial,17,True
109,Administración,18,True
110,Estafa,19,True
111,Fondo Renta,20,True
112,Adobe,21,True
113,F.Clases,21,True
114,F.Equipos,21,True
115,F.LR y PH,21,True
116,Foto Paseos,21,True
117,Libro 70 años,21,True
118,Transporte,21,True
119,4xMil,22,True
120,Depto Antioquia,22,True
121,Impuestos,22,True
122,IVA,22,True
123,Rte Fuente,22,True
124,Capital,23,True
125,Intereses,23,True
126,Inversiones,23,True
127,Rendimientos,23,True
128,Acueducto,24,True
129,Administración,24,True
130,Aseo,24,True
131,Celular,24,True
132,Celular e Internet,24,True
133,Celular portada,24,True
134,Cuarto Técnico,24,True
135,Documentos,24,True
136,Equipos,24,True
137,Hidroponía,24,True
138,Huerta,24,True
139,Internet,24,True
140,Jardín,24,True
141,Mantenimiento,24,True
142,Menaje,24,True
143,Muebles,24,True
144,Pipetas de gas,24,True
145,Portada,24,True
146,Predial,24,True
147,Riego,24,True
148,Seguridad,24,True
149,Servicios Públicos,24,True
150,Libido,25,True
151,Compras,26,True
152,Pagos,26,True
153,Compras,27,True
154,Pagos,27,True
155,Baños,28,True
156,Bicicleta,28,True
157,Chiminea,28,True
158,Closet,28,True
159,Cocina,28,True
160,Equipos,28,True
161,Garaje,28,True
162,Habitaciones,28,True
163,Herramientas,28,True
164,Horno Leña,28,True
165,Jardín,28,True
166,Lavandería,28,True
167,Muebles,28,True
168,Otros,28,True
169,PC,28,True
170,Puertas,28,True
171,Ropa,28,True
172,Seguros,28,True
173,Tapetes,28,True
174,Atún,29,True
175,Empanadas,29,True
176,Menaje,29,True
177,Mercado,29,True
178,Plaza,29,True
179,Acometida Electrica,30,True
180,Acueducto,30,True
181,Alacena,30,True
182,Alquiler equipos,30,True
183,Arquitectos,30,True
184,Aseo,30,True
185,Atenciones,30,True
186,Baños,30,True
187,Bordillos,30,True
188,Botada Escombros,30,True
189,Calentadores,30,True
190,Camaras,30,True
191,Carcamos,30,True
192,Carpinteria,30,True
193,Cemento,30,True
194,Cemento y hierro,30,True
195,Cemento y malla electro,30,True
196,Cerca Electrica,30,True
197,Cerraduras y Chapas,30,True
198,Certificados de libertad,30,True
199,Chapas,30,True
200,Chimenea,30,True
201,Compra Lote,30,True
202,Copias,30,True
203,Cortagoteras,30,True
204,Cortinas,30,True
205,Cuarto Técnico,30,True
206,Daños,30,True
207,Deck,30,True
208,Desagues,30,True
209,Diseño arquitectonico,30,True
210,Diseño Electrico,30,True
211,Diseño Estructural,30,True
212,Diseño hidrosanitario,30,True
213,Docuementos,30,True
214,Domótica,30,True
215,Dovelas,30,True
216,Drywall,30,True
217,Edier Castro y moreno,30,True
218,Electricidad,30,True
219,Energía Solar,30,True
220,EPM,30,True
221,Equipos Cocina,30,True
222,Escombros,30,True
223,Estanterías,30,True
224,Estructura metálica,30,True
225,Estudio apantallamiento,30,True
226,Estudio de suelos,30,True
227,Ferreteria,30,True
228,Fundaciones,30,True
229,Gas,30,True
230,Grama,30,True
231,Griferias,30,True
232,Herramientas,30,True
233,Hidrosanitarias,30,True
234,Hierro,30,True
235,Hierro y plomeria,30,True
236,Hierro y PVC,30,True
237,Horno de leña,30,True
238,Huerta,30,True
239,Iluminación,30,True
240,Inducción,30,True
241,Interventoria,30,True
242,Invernadero,30,True
243,Jardín,30,True
244,Lamparas,30,True
245,Lavandería,30,True
246,Licencia de construcción,30,True
247,Losa P1,30,True
248,Mampostería,30,True
249,Mantenimiento,30,True
250,Material playa,30,True
251,Materiales,30,True
252,Medidor agua,30,True
253,Mesones,30,True
254,Mesones Cocina,30,True
255,MO Electricidad,30,True
256,MO Mampotería,30,True
257,MO Oficios varios,30,True
258,MO Porcelanato,30,True
259,MO Samuel Goez,30,True
260,Morteros,30,True
261,Movimiento Tierra,30,True
262,Mueble hobbies y tapa cajon,30,True
263,Muebles,30,True
264,Parqueadero,30,True
265,Películas polarizados,30,True
266,Pilotes,30,True
267,Pintura,30,True
268,Piso Spc,30,True
269,Pisos,30,True
270,Planta de tratamiento de aguas,30,True
271,Plomeria,30,True
272,Plomeria y Electricidad,30,True
273,Polines,30,True
274,Portada,30,True
275,Pozuelo Cocina,30,True
276,Preliminares y Campamento,30,True
277,Propinas,30,True
278,Puertas Madera,30,True
279,Puertas Metálicas,30,True
280,Pvc,30,True
281,Red Datos,30,True
282,Reembolso,30,True
283,Registro Escritura Compra,30,True
284,Rejillas carcamos,30,True
285,Retie,30,True
286,Revoque,30,True
287,Riego,30,True
288,Seguridad Social,30,True
289,Subsidio transporte,30,True
290,Tanques Agua,30,True
291,Techos,30,True
292,Tendedero,30,True
293,Topografía,30,True
294,Trabajadores,30,True
295,Transporte,30,True
296,Ventanas,30,True
297,Via acceso,30,True
298,Vigas amarre,30,True
299,Vivero,30,True
300,Mesada,31,True
301,Cuido,32,True
302,Drogas,32,True
303,Equipos,32,True
304,Otros,32,True
305,Venterinaria,32,True
306,Desarrollo,33,True
307,Dominio,33,True
308,Equipos,33,True
309,Marca,33,True
310,Por Clasificar,34,True
311,Prestamos,35,True
312,Traslados,36,True
313,Vista,36,True
314,Celular,37,True
315,Foto Multa,37,True
316,Gafas,37,True
317,Gastos,37,True
318,Gym,37,True
319,Moto,37,True
320,Odontología,37,True
321,Paty,37,True
322,Personales,37,True
323,Ropa,37,True
324,Olivos,38,True
325,90 de Tita,39,True
326,Familia,39,True
327,RC,39,True
328,Regalos,39,True
329,Tita,39,True
330,Restaurantes,40,True
331,Busos,41,True
332,Camisetas,41,True
333,Chaquetas,41,True
334,Deportiva,41,True
335,Jean,41,True
336,Ropa,41,True
337,Zapatos,41,True
338,Saldo Inicial,42,True
339,Odontologia,43,True
340,Barberia,43,True
341,Citas,43,True
342,Consultas,43,True
343,Copagos,43,True
344,Cpap,43,True
345,Drogas,43,True
346,Examenes,43,True
347,Gafas,43,True
348,Masajes,43,True
349,Pos,43,True
350,Prepagada,43,True
351,Yoga,43,True
352,Cesión,44,True
353,Documentos,44,True
354,Escrituras,44,True
355,Ingresos,44,True
356,Otros,44,True
357,Prime,45,True
358,Administración,46,True
359,Amazon,46,True
360,Aportes,46,True
361,Arriendo - El Tunal,46,True
362,Bancolombia,46,True
363,Celular,46,True
364,Cesantias Tere,46,True
365,Declaraciones de renta,46,True
366,Depto Antioquia,46,True
367,Diezmos,46,True
368,El Colombiano,46,True
369,EPM,46,True
370,Facturacion Sigo,46,True
371,Fuente Clara,46,True
372,Impuestos,46,True
373,Internet,46,True
374,Inversiones,46,True
375,Iva,46,True
376,Jardín,46,True
377,Lina María Gallón,46,True
378,Mercado,46,True
379,Netflix,46,True
380,Odontología,46,True
381,Otros,46,True
382,Peluqueria,46,True
383,Pos Tere,46,True
384,Pos - El Tunal,46,True
385,Predial Fuente Clara,46,True
386,Predial - El Tunal,46,True
387,Prestamo-Tere,46,True
388,Prestamos,46,True
389,Pricesmart,46,True
390,Protección Tita,46,True
391,Regalos,46,True
392,Restaurantes,46,True
393,Salarios - Tere,46,True
394,Saldo Inicial,46,True
395,Seguridad Social,46,True
396,Servicios Públicos,46,True
397,Sura,46,True
398,Tenna,46,True
399,Tere Granda,46,True
400,Tigo,46,True
401,Traslado,46,True
402,Traslado,47,True
403,Trasporte,48,True
404,Trasteo,49,True
405,Paseos,50,True
406,Vacaciones,50,True
407,Varios,51,True
408,Cámara Sony,52,True
411,Traslado - Ahorros,47,True
413,Traslado - Efectivo,47,True
412,Traslado - FondoRenta,47,True
414,Traslado - MasterCard Pesos,47,True
415,Traslado - MasterCard USD,47,True
