id,patron,descripcion,tercero_id,centro_costo_id,concepto_id,tipo_match,cuenta_id
1,Bancolombia,Abono Intereses Ahorros,22,4,23,contiene,
2,Dian,Impto Gobierno,53,22,119,contiene,
3,Fondo Renta,Traslado De Fondo,85,47,411,contiene,
4,MasterCard COP,PAGO SUC VIRT TC MASTER PESOS,160,47,414,contiene,
5,MasterCard USD,PAGO SUC VIRT TC MASTER DOLAR,161,47,415,contiene,
6,Adobe,Adobe,3,21,115,contiene,
7,Traslado De Fondo,,85,,402,contiene,
8,Impto Gobierno,,53,,119,contiene,
9,Abono Intereses Ahorros,,22,,23,contiene,
