cuentaid,cuenta,activa,permite_carga,permite_conciliar
5,Tarjeta Crédito (Smart),True,True,False
11,Test Carga Renamed,False,False,False
12,Test Carga,False,True,False
14,Test Carga a4c18de3 Renamed,False,False,False
8,Aportes,True,False,False
10,Otros,True,False,False
9,Saldos,True,False,False
15,Nu,True,False,False
16,API Test Account aiqrlr,False,True,True
1,Ahorros,True,True,True
2,Efectivo,True,False,True
3,FondoRenta,True,True,True
4,Protección,True,True,True
7,MasterCardUSD,True,True,True
6,MasterCardPesos,True,True,True
