id,cuenta_id,tipo,modulo,orden,activo,created_at
2,1,RESUMEN,ahorros_extracto,1,True,2026-01-17 11:36:00.654288
4,3,RESUMEN,fondorenta_extracto,1,True,2026-01-17 11:36:00.654288
6,6,RESUMEN,mastercard_pesos_extracto,1,True,2026-01-17 11:36:00.654288
7,6,RESUMEN,mastercard_pesos_extracto_anterior,2,True,2026-01-17 11:36:00.654288
9,7,RESUMEN,mastercard_usd_extracto,1,True,2026-01-17 11:36:00.654288
10,7,RESUMEN,mastercard_usd_extracto_anterior,2,True,2026-01-17 11:36:00.654288
14,1,MOVIMIENTOS,ahorros_extracto_movimientos,1,True,2026-01-17 21:06:15.496345
15,3,MOVIMIENTOS,fondorenta_extracto_movimientos,1,True,2026-01-17 21:06:15.496345
16,6,MOVIMIENTOS,mastercard_pesos_extracto_movimientos,1,True,2026-01-17 21:06:15.496345
17,6,MOVIMIENTOS,mastercard_pesos_extracto_anterior_movimientos,2,True,2026-01-17 21:06:15.496345
18,7,MOVIMIENTOS,mastercard_usd_extracto_movimientos,1,True,2026-01-17 21:06:15.496345
19,7,MOVIMIENTOS,mastercard_usd_extracto_anterior_movimientos,2,True,2026-01-17 21:06:15.496345
