terceroid,tercero,activa
1,553 Tratoria,True
2,A la brasa con sabor caleño,True
3,Adobe,True
4,Adriana de Bedout,True
5,AgroBolivar,True
6,Agrofertil,True
7,Aislar JM Sas,True
8,Alexander Lopez Montes,True
9,Alfredo Rojas,True
10,AliExpress,True
11,Almacen Agropecuario,True
12,Amazon,True
13,Anderson Montoya,True
14,Andrea Latorre,True
15,Angela María Duque Ossa,True
16,Angie Catherine,True
17,Antonio Esteban Gomez Agnoli,True
18,Apple,True
19,Arlex Arias Amaya,True
20,Autoland,True
21,Avianca,True
22,Bancolombia,True
23,Bosques,True
24,Bosques Compras,True
25,Bosques ventas,True
26,Buñuelos de Oriente,True
27,Cacharreria Los Marinillos Sas,True
28,Cafe Charlott,True
29,Café Victoria,True
30,Camilo Gonzalez Echeverri,True
31,Capiro Vivero,True
32,Cardiovida,True
33,Casa Ferretera,True
34,Casa Pizza,True
35,Cesar David Jaramillo Bermudez,True
36,Chaturbate,True
37,Club Fotógrafico Medellín,True
38,Comcel,True
39,Comodisimos,True
40,Corpaul,True
41,Cosechas,True
42,Coursera,True
43,Crepes y Waffles,True
44,Cristian Andres Patiño Chica,True
45,Cueros Velez,True
46,D1,True
47,David,True
48,David Esteban Ospina Rios,True
49,Deacua Sas,True
50,Delolita,True
51,Demo Hexagonal,True
52,Departamento de Antioquia,True
53,Dian,True
54,Diana SIerra Toro,True
55,Diego Lalinde,True
56,Diego Leonel Ortiz Cardona,True
57,Diez y Ocho Lab,True
58,Dislicores,True
59,DollarCity,True
60,Doris Elena Caro Montoya,True
61,Drogas calidad,True
62,Ecoplásticos,True
63,Edimer Alexis Acevedo,True
64,EDS El Encierro,True
65,Eds Los Cristales,True
66,Eduardo Rojas Medina,True
67,Eduardo Ronaldo Rodriguez,True
68,Efrain Bernal,True
69,El Colombiano,True
70,El Tunal,True
71,Empanadas caucanas,True
72,Epaayco,True
73,EPM,True
74,Esneider Gonzalez Caro,True
75,Estafa,True
76,Esteban Valdez,True
77,Éxito,True
78,Fabian Alberto Henao Medina,True
79,Falabella,True
80,Felco Constructor SAS,True
81,Felipe Estrada Carrasquilla,True
82,Ferreteria La Ceja,True
83,Fijaciones Orozco,True
84,FlyPass,True
85,Fondo Renta,True
86,Fuente Clara,True
87,Fundación Abrazo un Sueño,True
88,Fundación Hospital San Vicente,True
89,Gabriel Alberto Henao Arroyave,True
90,Gases La Ceja,True
91,GitHub,True
92,Godaddy,True
93,Gregorio Lalinde,True
94,Grupo 5 Limitada,True
95,Grupo Clinico,True
96,Grupo La Cima Sas,True
97,Gustavo Adolfo Bolivar Orozco,True
98,Halis León Galindo,True
99,Hector Fabio Pareja Cortes,True
100,Hector Fernando Ortiz,True
101,Henry León Uribe Ossa,True
102,Hernan Castrillon,True
103,Hmo Servicio Técnico SAS,True
104,Hospital San Vicente,True
105,II Forno,True
106,Ikea,True
107,Informe y Gestion,True
108,Inversiones Party SAS,True
109,Inza Hermanos,True
110,Isaac Simeon Andrade Gamez,True
111,Ivan Dario Perez Restrepo,True
112,Iván Sankovich,True
113,Jackson Mosquera,True
114,Jader Esteban Hernandez Lopez,True
115,Jaime Toro,True
116,JD Dental Group,True
117,Jet Brains,True
118,JF La Montaña,True
119,Jhon David,True
120,Johan Gaviria,True
121,John Jairo Arias Correa,True
122,Jorge Alberto Mesa Palacio,True
123,Jorge Enrique Gallego,True
124,José David Lopez Amar,True
125,Jose Fernando Gonzalez,True
126,Juan Carlos Gómez,True
127,Juan David Moreno Vargas,True
128,Juan Diego Muñoz,True
129,Juan Fernando Mejía,True
130,Juan José Estrada Velilla,True
131,Juan José Jaramillo,True
132,Juan Luis Uribe,True
133,Juan Quintero,True
134,Juan Valdez,True
135,Julio Cesar Vallejo Tobon,True
136,Kevin Cano,True
137,La Tienda del Ebanista,True
138,La Vaquita,True
139,Laura Carolina Zuluaga Ceballos,True
140,Licorera Cubatas,True
141,Lina María Gallón,True
142,Lina María Molina Velez,True
143,Locatel,True
144,Los Fierros,True
145,Luis Fernando Londoño,True
146,Luis Fernando Mejía,True
147,Luis Miguel Toro,True
148,Luz Marina,True
149,MacroDrogas,True
150,Maderas y Construcciones,True
151,Manuel Adan Arroyave,True
152,Margarita Lalinde,True
153,Maria Consuelo Gaitan,True
154,Maria Elena Tobon de Llano,True
155,Maria Isabel Gomez Botero,True
156,Maria Paula Zuluaga,True
158,MaríaPaula Zuluaga González,True
160,MasterCard COP,True
161,MasterCard USD,True
162,Materiales Maestro,True
163,Materiales Playa Blanca,True
164,Mauricio Estrada,True
165,Mercado El Chalet Sas,True
166,Mercado Pago,True
167,Mercolanta,True
168,Moga Manjares,True
169,Montoya G E Hijas y CIA SCA,True
170,Movistar,True
171,Mundo Colores La Ceja,True
172,Mundo Electronico,True
173,Municipio de la Ceja,True
174,Nacy del Socorro Caro Montoya,True
175,Natalia Barajas,True
176,Natalia Villa Martin,True
177,Natalia Villa Martinez,True
178,Nerida Martinez,True
179,Nestor Wilson Alvarez Holgin,True
180,Netflix,True
181,Nu Bank,True
182,OpenAI,True
183,Otros,True
184,Pagos Online,True
185,Palomino roots,True
186,Parcelación Montemadero,True
187,Parroquia de San Juan Apostol,True
188,Pasteur,True
189,PDFFiller,True
190,Pintuco,True
191,Plantas del Tambo,True
192,Plata Forma Digital,True
193,Plaza de Mercado,True
194,Pollo al Carbón,True
195,PolyMaster Sas,True
196,Por identificar,True
197,PriceSmart,True
198,Protección,True
199,Punto Blanco,True
200,Real Motors El Retiro,True
201,Restaurantes,True
202,Ricardo Flores,True
203,Robert Arley Torreglosa Diaz,True
204,Roberto Lalinde,True
205,Robinson Serna Ortiz,True
206,Rossther Ambrosia,True
207,Sandra Milena Cano Quinchia,True
208,Santiago Eduardo Pelaez,True
209,Santiago Gonzalez,True
210,Santiago Henao Agudelo,True
211,Sapig Sas,True
212,Sebastian Flores Quintero,True
213,Seguros Mundial,True
214,Serviteca Montemadero,True
215,Seviteca Monte Madero La Ceja,True
216,SIC,True
218,SNR,True
219,Sumicampo,True
220,Superoriente sas,True
221,Suramericana,True
222,Susana Lalinde Escobar,True
223,Sushi Nami,True
224,Tecniflush sas,True
225,TecniPlantas,True
226,Temu,True
227,Tenna,True
228,Tere Granda,True
229,Tidavi SAS,True
230,Tigo,True
231,Tita,True
232,Tns Viva,True
233,Tostado,True
234,Uniformes y Dotaciones Velandia,True
235,Valentina Mercado,True
236,Victor Mesa,True
237,Vitelco de Colombia SAS,True
239,Vivero Chuscalito,True
240,William Vanegas,True
241,Wilmar Augusto Buitrago Salamanca,True
242,Wilmar Yarce,True
243,Wilson Villa Parra,True
244,Yeison Andres Castro Pavas,True
245,Yenny Yolima Villegas Aristizabal,True
246,Yolima Baquero,True
247,Yormary Gomez Paniagua,True
248,YouTube,True
249,Yovany Humberto Lopez Cano,True
250,Yow Guerra,True
251,Zona 4,True
252,Tercero de Prueba Demo,True
253,Gabriel Zapata,True
254,Mauricio Mesa  Soto,True
255,Ventas Bosques,True
157,Maderas La Clarita - Maria Victoria Gomez,True
256,TEST_CORP_7ad92869,False
159,Vivero San José - Maritza Milena Posada,True
238,Vitrales - Carlos Enrique Tepud Pesillo,True
257,Importnova SAS,True
217,SmartFit,True
258,ProtoKimica,True
