id,terceroid,descripcion,referencia,activa,created_at
1,1,553 Trattoria,,True,2026-01-07 16:39:00.316953
127,80,Transferencia Cta Suc Virtual,02300001855,True,2026-01-07 16:39:00.316953
3,3,Adobe,,True,2026-01-07 16:39:00.316953
4,3,Adobe.Com,,True,2026-01-07 16:39:00.316953
151,90,Transferencia Cta Suc Virtual,02300001058,True,2026-01-07 16:39:00.316953
6,6,Agrofertil Colombia,,True,2026-01-07 16:39:00.316953
160,99,Transferencia Cta Suc Virtual,02435975804,True,2026-01-07 16:39:00.316953
164,103,Transferencia Cta Suc Virtual,02400005912,True,2026-01-07 16:39:00.316953
9,10,Aliexpress,,True,2026-01-07 16:39:00.316953
10,11,Pago Qr Almacen Agrop,,True,2026-01-07 16:39:00.316953
11,12,Amazon Prime,,True,2026-01-07 16:39:00.316953
12,12,Amazon Reta* Nu4Vv02E2,,True,2026-01-07 16:39:00.316953
13,12,Amazon.Com,,True,2026-01-07 16:39:00.316953
192,127,Transferencia Cta Suc Virtual,02300049187,True,2026-01-07 16:39:00.316953
199,132,Transferencia Cta Suc Virtual,02324081651,True,2026-01-07 16:39:00.316953
210,142,Transferencia Cta Suc Virtual,02928061194,True,2026-01-07 16:39:00.316953
264,171,Transferencia Cta Suc Virtual,02300005007,True,2026-01-07 16:39:00.316953
267,174,Transferencia Cta Suc Virtual,02344993001,True,2026-01-07 16:39:00.316953
19,18,Apple.Com/Bill,,True,2026-01-07 16:39:00.316953
270,177,Transferencia Cta Suc Virtual,02413682366,True,2026-01-07 16:39:00.316953
21,20,Autoland,,True,2026-01-07 16:39:00.316953
22,20,Autoland S A S,,True,2026-01-07 16:39:00.316953
23,22,Abono Intereses Ahorros,,True,2026-01-07 16:39:00.316953
24,22,Ajuste Interes Ahorros,,True,2026-01-07 16:39:00.316953
25,22,Ajuste Interes Ahorros Db,,True,2026-01-07 16:39:00.316953
26,22,Ajuste Manual A Favor,,True,2026-01-07 16:39:00.316953
27,22,Comision Avance Corresponsal B,,True,2026-01-07 16:39:00.316953
28,22,Cuota De Manejo,,True,2026-01-07 16:39:00.316953
29,22,Cuota Manejo Tarjeta Debito,,True,2026-01-07 16:39:00.316953
30,22,Cuota Manejo Trj Deb 05 25,,True,2026-01-07 16:39:00.316953
31,22,Cuota Manejo Trj Deb 06 25,,True,2026-01-07 16:39:00.316953
32,22,Cuota Manejo Trj Deb 07 25,,True,2026-01-07 16:39:00.316953
33,22,Cuota Manejo Trj Deb 08 25,,True,2026-01-07 16:39:00.316953
34,22,Cuota Manejo Trj Deb 09 25,,True,2026-01-07 16:39:00.316953
35,22,Cuota Manejo Trj Deb 10 25,,True,2026-01-07 16:39:00.316953
36,22,Cuota Manejo Trj Deb 11 25,,True,2026-01-07 16:39:00.316953
37,22,Cuota Manejo Trj Deb 12 Manejo Tarjeta Deb 12 25,,True,2026-01-07 16:39:00.316953
38,22,Dev Cuota Manejo Tarj,,True,2026-01-07 16:39:00.316953
39,22,Dev Cuota Manejo Tarj Deb,,True,2026-01-07 16:39:00.316953
40,22,Intereses Corrientes,,True,2026-01-07 16:39:00.316953
41,22,Retiro Cajero,,True,2026-01-07 16:39:00.316953
42,22,Retiro Cajero Cajero Mall Pla,,True,2026-01-07 16:39:00.316953
43,22,Retiro Cajero Hospital San Vi,,True,2026-01-07 16:39:00.316953
44,22,Retiro Cajero Viva La Ceja,,True,2026-01-07 16:39:00.316953
271,178,Transferencia Cta Suc Virtual,02373970983,True,2026-01-07 16:39:00.316953
46,22,Traslado A Fondo De Inversion,,True,2026-01-07 16:39:00.316953
47,22,Traslado De Fondo De Invers,,True,2026-01-07 16:39:00.316953
48,22,Traslado desde cuenta de ahorros,,True,2026-01-07 16:39:00.316953
49,22,Traslado hacia cuenta de ahorros,,True,2026-01-07 16:39:00.316953
272,178,Transferencia Cta Suc Virtual,02373970983,True,2026-01-07 16:39:00.316953
291,190,Transferencia Cta Suc Virtual,02300005008,True,2026-01-07 16:39:00.316953
293,191,Transferencia Cta Suc Virtual,02323938924,True,2026-01-07 16:39:00.316953
296,195,Transferencia Cta Suc Virtual,02100002768,True,2026-01-07 16:39:00.316953
373,258,ProtoKimica,,True,2026-01-24 14:34:17.747681
56,31,Capiro Vivero,,True,2026-01-07 16:39:00.316953
57,31,Consig Local Efectivo,,True,2026-01-07 16:39:00.316953
59,32,Cardiovida Colombia,,True,2026-01-07 16:39:00.316953
60,33,Casa Ferretera La Ceja,,True,2026-01-07 16:39:00.316953
61,33,Pago Qr La Ceja,,True,2026-01-07 16:39:00.316953
62,34,30 *Casa Pizza,,True,2026-01-07 16:39:00.316953
65,36,Mmbill.Com,,True,2026-01-07 16:39:00.316953
67,38,Comcel Recargas T1 Pa,,True,2026-01-07 16:39:00.316953
68,39,Comodisimos Viva La Ce,,True,2026-01-07 16:39:00.316953
69,40,Corpaul,,True,2026-01-07 16:39:00.316953
70,40,Corpaul Husvf Rionegro,,True,2026-01-07 16:39:00.316953
71,40,Fund Hosp S/Vicente Pa,,True,2026-01-07 16:39:00.316953
72,41,Bold*Cosechas,,True,2026-01-07 16:39:00.316953
73,42,Coursera.Org,,True,2026-01-07 16:39:00.316953
74,43,Crepes Y Waffles Lemon,,True,2026-01-07 16:39:00.316953
75,43,Crepes Y Waffles Llano,,True,2026-01-07 16:39:00.316953
77,45,Velez Viva La Ceja,,True,2026-01-07 16:39:00.316953
78,46,Tienda D1 Cantarrana,,True,2026-01-07 16:39:00.316953
79,46,Tienda D1 Carmen Tezen,,True,2026-01-07 16:39:00.316953
80,46,Tienda D1 Envigado Pal,,True,2026-01-07 16:39:00.316953
81,46,Tienda D1 La Ceja 4,,True,2026-01-07 16:39:00.316953
82,46,Tienda D1 La Ceja San,,True,2026-01-07 16:39:00.316953
86,50,Delolita San Vicente R,,True,2026-01-07 16:39:00.316953
87,52,Departamento De Antioq,,True,2026-01-07 16:39:00.316953
88,52,Transf A Departamento De Anti,,True,2026-01-07 16:39:00.316953
89,53,"0,",,True,2026-01-07 16:39:00.316953
90,53,Impto Gobierno 4X1000,,True,2026-01-07 16:39:00.316953
91,53,Impuesto Dian Pse,,True,2026-01-07 16:39:00.316953
92,53,Retefte,,True,2026-01-07 16:39:00.316953
93,53,Retención en la fuente,,True,2026-01-07 16:39:00.316953
94,53,Rev Impto Gobierno,,True,2026-01-07 16:39:00.316953
99,57,Bold*Diez Y Ocho Lab,,True,2026-01-07 16:39:00.316953
100,57,BOLD*diez y ocho lab,,True,2026-01-07 16:39:00.316953
101,58,Dislicores,,True,2026-01-07 16:39:00.316953
102,59,Dollarcity Viva La Cej,,True,2026-01-07 16:39:00.316953
104,62,Ecoplasticos La Ceja,,True,2026-01-07 16:39:00.316953
106,64,Eds El Encierro Ceja F,,True,2026-01-07 16:39:00.316953
107,65,Eds Los Cristales,,True,2026-01-07 16:39:00.316953
108,66,Transf Qr Eduardo Roja Medin,,True,2026-01-07 16:39:00.316953
2,2,Pago Qr A La Brasa Co,935247832,True,2026-01-07 16:39:00.316953
109,66,Transferencia Cta Suc Virtual,02331348433,True,2026-01-07 16:39:00.316953
372,257,,54304131091,True,2026-01-16 00:54:11.431450
111,69,El Colombiano,,True,2026-01-07 16:39:00.316953
115,70,Pago Pse Enlace Operativo S.A,,True,2026-01-07 16:39:00.316953
116,70,Pago Pse Enlace Pago De Seguridad Social,,True,2026-01-07 16:39:00.316953
118,72,Epayco,,True,2026-01-07 16:39:00.316953
119,73,Epm Servicios Publicos,,True,2026-01-07 16:39:00.316953
123,77,Exito La Ceja,,True,2026-01-07 16:39:00.316953
125,79,Falabella,,True,2026-01-07 16:39:00.316953
126,79,Falabella Com S A S,,True,2026-01-07 16:39:00.316953
130,83,Fijaciones Orozco,,True,2026-01-07 16:39:00.316953
131,84,Flypass,,True,2026-01-07 16:39:00.316953
132,84,Recarga Automatica Flypass,,True,2026-01-07 16:39:00.316953
133,85,"124,",,True,2026-01-07 16:39:00.316953
134,85,"147,",,True,2026-01-07 16:39:00.316953
135,85,"162,",,True,2026-01-07 16:39:00.316953
136,85,"174,",,True,2026-01-07 16:39:00.316953
137,85,"24,",,True,2026-01-07 16:39:00.316953
138,85,"25,",,True,2026-01-07 16:39:00.316953
139,85,"270,",,True,2026-01-07 16:39:00.316953
140,85,"392,",,True,2026-01-07 16:39:00.316953
141,85,"49,",,True,2026-01-07 16:39:00.316953
142,85,"98,",,True,2026-01-07 16:39:00.316953
143,85,Adicion,,True,2026-01-07 16:39:00.316953
144,85,Retiro Trasla,,True,2026-01-07 16:39:00.316953
145,85,Traslado A Fondo De 70549325Renta Fija,,True,2026-01-07 16:39:00.316953
146,85,Traslado De Fondo De 70549325Renta Fija,,True,2026-01-07 16:39:00.316953
147,86,Municipio De Medellin,,True,2026-01-07 16:39:00.316953
152,91,"Github, Inc.",,True,2026-01-07 16:39:00.316953
153,92,"Dlo*Godaddycom,L",,True,2026-01-07 16:39:00.316953
154,94,Mercpago*Grupor5Limita,,True,2026-01-07 16:39:00.316953
165,105,Il Forno La Ceja,,True,2026-01-07 16:39:00.316953
166,106,Ikea Ecommerce,,True,2026-01-07 16:39:00.316953
167,106,Ikea Envigado,,True,2026-01-07 16:39:00.316953
168,107,Informatica Y Gestion,,True,2026-01-07 16:39:00.316953
171,108,Transf Qr,,True,2026-01-07 16:39:00.316953
172,109,Inza Hermanos,,True,2026-01-07 16:39:00.316953
180,117,Jet Brains,,True,2026-01-07 16:39:00.316953
181,118,Jf La Monta@A,,True,2026-01-07 16:39:00.316953
183,120,Avianca,,True,2026-01-07 16:39:00.316953
184,120,Consignacion Corresponsal Cb,,True,2026-01-07 16:39:00.316953
194,128,Tu Boleta,,True,2026-01-07 16:39:00.316953
198,131,Transf A Juan Jose Ja,,True,2026-01-07 16:39:00.316953
202,134,Juan Valdez Viva La Ce,,True,2026-01-07 16:39:00.316953
206,138,Supermerc La Vaquita P,,True,2026-01-07 16:39:00.316953
211,143,Locatel La Ceja,,True,2026-01-07 16:39:00.316953
212,144,La Ceja,,True,2026-01-07 16:39:00.316953
213,145,Cenintra N 2,,True,2026-01-07 16:39:00.316953
214,145,Consig Local Caj Multi San Nic,,True,2026-01-07 16:39:00.316953
215,145,Retiro Cajero Cajero Cent Int,,True,2026-01-07 16:39:00.316953
216,145,Simit Vias Urbanas,,True,2026-01-07 16:39:00.316953
225,145,Transferencia Desde Luis Londono 6834,,True,2026-01-07 16:39:00.316953
226,145,Transferencia Desde Nequi,,True,2026-01-07 16:39:00.316953
231,149,Inversiones Ramej Sas,,True,2026-01-07 16:39:00.316953
232,149,Inversiones Ramej SAS,,True,2026-01-07 16:39:00.316953
236,152,Transf A Margarita Ma,,True,2026-01-07 16:39:00.316953
244,160,Abono Sucursal Virtual,,True,2026-01-07 16:39:00.316953
245,160,Pago Suc Virt Tc Master Pesos,,True,2026-01-07 16:39:00.316953
246,161,Pago Suc Virt Tc Master,,True,2026-01-07 16:39:00.316953
247,161,Pago Suc Virt Tc Master Dolar,,True,2026-01-07 16:39:00.316953
248,162,Materiales Mestro Col,,True,2026-01-07 16:39:00.316953
250,163,Materiales Playa Blanc,,True,2026-01-07 16:39:00.316953
253,165,Mercado El Chalet Sas,,True,2026-01-07 16:39:00.316953
254,166,Mercado Pago*Walletmco,,True,2026-01-07 16:39:00.316953
255,166,Mercadopago Colombia,,True,2026-01-07 16:39:00.316953
256,166,Mercpago*Puntos,,True,2026-01-07 16:39:00.316953
257,167,Mercolanta Monte,,True,2026-01-07 16:39:00.316953
258,167,Mercolanta Monte Mader,,True,2026-01-07 16:39:00.316953
260,169,Impuesto Bogota Dc Pse,,True,2026-01-07 16:39:00.316953
262,170,Movistar Epayco Recar,,True,2026-01-07 16:39:00.316953
266,173,Municipio De La Ceja,,True,2026-01-07 16:39:00.316953
268,176,Transf Qr Natalia Villa Marti,,True,2026-01-07 16:39:00.316953
269,176,Transf Qr Rossther Ambrosia Viva Ceja,,True,2026-01-07 16:39:00.316953
274,180,Dlo*Netflix.Com,,True,2026-01-07 16:39:00.316953
275,180,Netflix,,True,2026-01-07 16:39:00.316953
276,180,Netflix Dl,,True,2026-01-07 16:39:00.316953
277,180,Netflix01*Dl,,True,2026-01-07 16:39:00.316953
278,180,Payu*Netflix,,True,2026-01-07 16:39:00.316953
280,182,Openai,,True,2026-01-07 16:39:00.316953
281,182,Openai *Chatgpt Subscr,,True,2026-01-07 16:39:00.316953
283,184,Pagosonline*Dl,,True,2026-01-07 16:39:00.316953
287,188,Drogueria Pasteur Terp,,True,2026-01-07 16:39:00.316953
288,188,Pago Qr Pasteur Terp,,True,2026-01-07 16:39:00.316953
290,189,Supportpdffiller.Com,,True,2026-01-07 16:39:00.316953
292,191,Plantas Del Tambo,,True,2026-01-07 16:39:00.316953
294,192,Plataforma Digital,,True,2026-01-07 16:39:00.316953
297,197,Pricesmart,,True,2026-01-07 16:39:00.316953
298,198,Comis Traslado En Sucursal,,True,2026-01-07 16:39:00.316953
302,198,Trasl Entre Fondos De Valores,,True,2026-01-07 16:39:00.316953
303,198,Valor Iva,,True,2026-01-07 16:39:00.316953
304,199,Tienda Punto Gef San N,,True,2026-01-07 16:39:00.316953
305,200,Real Motors El Retiro,,True,2026-01-07 16:39:00.316953
218,145,Transferencia A Nequi,3233936834,True,2026-01-07 16:39:00.316953
314,211,Inversiones Sapig Sas,,True,2026-01-07 16:39:00.316953
52,27,Transferencia Cta Suc Virtual,01016192506,True,2026-01-07 16:39:00.316953
316,213,Seguros Mundial,,True,2026-01-07 16:39:00.316953
317,214,Bold*Serviteca Monte,,True,2026-01-07 16:39:00.316953
83,48,Transferencia Cta Suc Virtual,02391261752,True,2026-01-07 16:39:00.316953
319,216,Superintendencia De In,,True,2026-01-07 16:39:00.316953
320,217,Smart Fit 20 De Julio,,True,2026-01-07 16:39:00.316953
321,218,Superintendencia De No,,True,2026-01-07 16:39:00.316953
110,68,Transferencia Cta Suc Virtual,02316536801,True,2026-01-07 16:39:00.316953
325,221,Suramericana Seguros D,,True,2026-01-07 16:39:00.316953
327,223,Sushi Nami,,True,2026-01-07 16:39:00.316953
330,226,Dlo*Temu.Com,,True,2026-01-07 16:39:00.316953
331,227,Mercpago*Tenacol,,True,2026-01-07 16:39:00.316953
334,228,Pisos Y Enchapes Euroc,,True,2026-01-07 16:39:00.316953
338,230,Tigo Eccomerce,,True,2026-01-07 16:39:00.316953
340,230,Une Telco Une Pago Exp,,True,2026-01-07 16:39:00.316953
341,231,Transf A Sergio Lalin Null,,True,2026-01-07 16:39:00.316953
342,232,Inversiones Tns Viva L,,True,2026-01-07 16:39:00.316953
343,233,Tostao Cafe Y Pan Cc P,,True,2026-01-07 16:39:00.316953
349,239,Vivero Chuscalito,,True,2026-01-07 16:39:00.316953
350,240,Corresponsal Bancario,,True,2026-01-07 16:39:00.316953
361,248,Dlo*Google Youtubeprem,,True,2026-01-07 16:39:00.316953
362,248,DLO*GOOGLE YouTubePrem,,True,2026-01-07 16:39:00.316953
363,248,Dlo*Google YoutubepremDLO,,True,2026-01-07 16:39:00.316953
367,157,,34441384353,True,2026-01-08 08:35:33.961415
368,114,,2379110978,True,2026-01-08 08:37:13.782873
369,121,,10132956230,True,2026-01-08 08:38:35.707162
370,253,,,True,2026-01-08 10:54:31.590853
371,254,,01682413341,True,2026-01-08 10:58:30.904059
217,230,Tigo Servicios Hogar Y,,True,2026-01-07 16:39:00.316953
5,5,Pago Qr Agrobolivar La Ceja,55600010382,True,2026-01-07 16:39:00.316953
7,7,Transferencia Cta Suc Virtual,13161765246,True,2026-01-07 16:39:00.316953
8,8,Transferencia Cta Suc Virtual,23671300211,True,2026-01-07 16:39:00.316953
14,13,Transferencias A Nequi,3216329974,True,2026-01-07 16:39:00.316953
15,14,Transferencia A Nequi,3148102772,True,2026-01-07 16:39:00.316953
16,15,Transferencia Cta Suc Virtual,50537795287,True,2026-01-07 16:39:00.316953
17,16,Pago Interbanc Angie Catherine,1019064466,True,2026-01-07 16:39:00.316953
18,17,Transferencia Cta Suc,10070097034,True,2026-01-07 16:39:00.316953
20,19,Transferencia A Nequi,3188603662,True,2026-01-07 16:39:00.316953
50,26,Pago Qr Bunuelos Oriente,61658612882,True,2026-01-07 16:39:00.316953
51,26,Pago Qr Bunuelos Oriente,980412257,True,2026-01-07 16:39:00.316953
53,28,Pago Qr Cafe Charlott,980428915,True,2026-01-07 16:39:00.316953
54,29,Pago Qr Cafe Victoria,929306503,True,2026-01-07 16:39:00.316953
55,30,Transferencia Cta Suc Virtual,41245627261,True,2026-01-07 16:39:00.316953
58,31,Pago Qr Capiro Vivero Sas,929669835,True,2026-01-07 16:39:00.316953
63,34,Pago Qr Casa Pizza,2300004073,True,2026-01-07 16:39:00.316953
64,35,Transferencia Cta Suc Virtual,24317498060,True,2026-01-07 16:39:00.316953
66,37,Transferencia Cta Suc Virtual,590545502,True,2026-01-07 16:39:00.316953
76,44,Transferencia Cta Suc Virtual,91201534793,True,2026-01-07 16:39:00.316953
84,49,Pago Qr Deacua Sas,943458777,True,2026-01-07 16:39:00.316953
85,49,Transferencia Cta Suc,17753699252,True,2026-01-07 16:39:00.316953
95,54,Transferencia Cta Suc Virtual,511404410,True,2026-01-07 16:39:00.316953
96,55,Transferencia Cta Suc,10270061525,True,2026-01-07 16:39:00.316953
97,55,Transferencia Cta Suc,61172254071,True,2026-01-07 16:39:00.316953
98,56,Transferencia Cta Suc Virtual,10242643414,True,2026-01-07 16:39:00.316953
103,60,Transferencia Cta Suc Virtual,10878121206,True,2026-01-07 16:39:00.316953
105,63,Pago De Prov F Pens Protecci,800198281,True,2026-01-07 16:39:00.316953
112,70,Pago Interbanc,8000331002,True,2026-01-07 16:39:00.316953
113,70,Pago Pse,1541150046,True,2026-01-07 16:39:00.316953
114,70,Pago Pse,1732262078,True,2026-01-07 16:39:00.316953
117,71,Transf Qr Johana Botero Zapat,41235301499,True,2026-01-07 16:39:00.316953
120,73,Pago App Epm Servicios Public,108971885996,True,2026-01-07 16:39:00.316953
121,74,Transferencia Cta Suc,23019875482,True,2026-01-07 16:39:00.316953
122,75,Transferencias A Nequi,3182753588,True,2026-01-07 16:39:00.316953
124,78,Transferencia Cta Suc Virtual,41599583791,True,2026-01-07 16:39:00.316953
322,219,Pago Qr Sumicampo,981002370,True,2026-01-07 16:39:00.316953
128,81,Transferencia Cta Suc Virtual,20225842243,True,2026-01-07 16:39:00.316953
129,82,Pago Qr Ferreteria La Ceja Sa,953586806,True,2026-01-07 16:39:00.316953
149,87,Transferencia Cta Suc Virtual,65294622688,True,2026-01-07 16:39:00.316953
150,89,Transferencia Cta Suc Virtual,10095152023,True,2026-01-07 16:39:00.316953
155,95,Pago Qr Grupo Clinico,945494911,True,2026-01-07 16:39:00.316953
156,96,Transferencia Cta Suc Virtual,41258241264,True,2026-01-07 16:39:00.316953
157,97,Transferencia Cta Suc Virtual,35192376902,True,2026-01-07 16:39:00.316953
159,98,Transferencia Cta Suc Virtual,31600003944,True,2026-01-07 16:39:00.316953
161,100,Transferencia A Nequi,3002029229,True,2026-01-07 16:39:00.316953
162,101,Transferencia Cta Suc Virtual,10062621209,True,2026-01-07 16:39:00.316953
163,102,Transferencia Cta Suc Virtual,34200005188,True,2026-01-07 16:39:00.316953
169,108,Pago Qr Inversiones Party Sa,987236033,True,2026-01-07 16:39:00.316953
170,108,Pago Qr Inversiones Party Sas,2300005432,True,2026-01-07 16:39:00.316953
173,110,Transferencia Cta Suc Virtual,785064071,True,2026-01-07 16:39:00.316953
174,111,Transferencia Cta Suc Virtual,10170001401,True,2026-01-07 16:39:00.316953
175,112,Transferencia Cta Suc Virtual,10820877208,True,2026-01-07 16:39:00.316953
176,113,Transferencia Cta Suc,1512988021,True,2026-01-07 16:39:00.316953
177,113,Transferencia Cta Suc Virtual,69300030432,True,2026-01-07 16:39:00.316953
178,115,Transferencia Cta Suc Virtual,796965975,True,2026-01-07 16:39:00.316953
179,116,Transferencia Cta Suc Virtual,58000010697,True,2026-01-07 16:39:00.316953
182,119,Transferencias A Nequi,3146913819,True,2026-01-07 16:39:00.316953
185,120,Transferencia Cta Suc Virtual,49976573969,True,2026-01-07 16:39:00.316953
186,122,Transferencia Cta Suc Virtual,27538343116,True,2026-01-07 16:39:00.316953
187,123,Transferencias A Nequi,3148168006,True,2026-01-07 16:39:00.316953
188,124,Transferencia Cta Suc Virtual,10170876548,True,2026-01-07 16:39:00.316953
189,125,Transferencia Cta Suc Virtual,10022333415,True,2026-01-07 16:39:00.316953
190,125,Transferencia Cta Suc Virtual,28233797661,True,2026-01-07 16:39:00.316953
191,126,Transferencia A Nequi,3182800674,True,2026-01-07 16:39:00.316953
193,128,Transferencia Cta Suc Virtual,49973835202,True,2026-01-07 16:39:00.316953
195,129,Transferencia Cta Suc,10282163178,True,2026-01-07 16:39:00.316953
196,129,Transferencia Cta Suc Virtual,10282078854,True,2026-01-07 16:39:00.316953
197,130,Transferencia Cta Suc Virtual,61113637217,True,2026-01-07 16:39:00.316953
200,133,Pago Qr Juan Quintero,965698128,True,2026-01-07 16:39:00.316953
201,133,Pago Qr Juan Quintero,41258577351,True,2026-01-07 16:39:00.316953
203,135,Pago Qr Almacen Agropecuario,2337595600,True,2026-01-07 16:39:00.316953
204,136,Transferencia A Nequi,3016717018,True,2026-01-07 16:39:00.316953
205,137,Pago Qr La Tienda Del,949169501,True,2026-01-07 16:39:00.316953
207,139,Transferencia Cta Suc Virtual,10847012891,True,2026-01-07 16:39:00.316953
208,140,Pago Qr Licorera Cubatas,979494431,True,2026-01-07 16:39:00.316953
209,141,Transferencia Cta Suc,10272707788,True,2026-01-07 16:39:00.316953
219,145,Transferencia A Nequi,3233942637,True,2026-01-07 16:39:00.316953
220,145,Transferencia Cta Suc,1661951733,True,2026-01-07 16:39:00.316953
221,145,Transferencia Cta Suc Virtual,27217200143,True,2026-01-07 16:39:00.316953
222,145,Transferencia Cta Suc Virtual,43200000743,True,2026-01-07 16:39:00.316953
223,145,Transferencia Cta Suc Virtual,32536803679,True,2026-01-07 16:39:00.316953
224,145,Transferencia Cta Suc Virtual,31351256675,True,2026-01-07 16:39:00.316953
227,145,Transferencias A Nequi,3175505250,True,2026-01-07 16:39:00.316953
228,146,Pago Qr Luis Fernando Mejia,10312610130,True,2026-01-07 16:39:00.316953
229,147,Transferencia Cta Suc Virtual,10072436434,True,2026-01-07 16:39:00.316953
230,148,Transferencia A Nequi,3168078588,True,2026-01-07 16:39:00.316953
233,150,Pago Qr M Y A Maderas Y Cons,946919528,True,2026-01-07 16:39:00.316953
234,150,Transferencia Cta Suc Virtual,41200001884,True,2026-01-07 16:39:00.316953
235,151,Transferencia Cta Suc,27511607189,True,2026-01-07 16:39:00.316953
237,152,Transferencia Cta Suc,20455805909,True,2026-01-07 16:39:00.316953
238,153,Transferencia Cta Suc Virtual,10272571946,True,2026-01-07 16:39:00.316953
239,154,Transferencia Cta Suc Virtual,10302345367,True,2026-01-07 16:39:00.316953
240,155,Transferencia Cta Suc Virtual,37987959038,True,2026-01-07 16:39:00.316953
241,156,Transferencias A Nequi,3192826084,True,2026-01-07 16:39:00.316953
242,159,Pago Qr Maritza Milen,950067842,True,2026-01-07 16:39:00.316953
243,159,Pago Qr Maritza Milena Posada,55758346161,True,2026-01-07 16:39:00.316953
249,162,Pago Qr Materiales Maestro Co,940557779,True,2026-01-07 16:39:00.316953
251,163,Pago Qr Playa Blanca,948103139,True,2026-01-07 16:39:00.316953
252,164,Transferencia Cta Suc,10167252064,True,2026-01-07 16:39:00.316953
259,168,Pago Qr Moga Manjares,929582558,True,2026-01-07 16:39:00.316953
261,169,Pago Interbanc Montoya G E Hi,9000704590,True,2026-01-07 16:39:00.316953
263,171,Pago Qr Mundocolores La Ceja,960809910,True,2026-01-07 16:39:00.316953
265,172,Pago Qr Mundo electronico,91232319041,True,2026-01-07 16:39:00.316953
273,179,Transferencia Cta Suc Virtual,60908106051,True,2026-01-07 16:39:00.316953
279,181,Pago Interbanc Nu Bank,70549325,True,2026-01-07 16:39:00.316953
282,183,Transferencia A Nequi,3175506250,True,2026-01-07 16:39:00.316953
284,185,Pago Qr Palomino Roots,980994353,True,2026-01-07 16:39:00.316953
285,186,Transferencia Cta Suc,37594048360,True,2026-01-07 16:39:00.316953
286,187,Transferencia Cta Suc Virtual,34236511648,True,2026-01-07 16:39:00.316953
289,188,Transferencia Cta Suc Virtual,10022150893,True,2026-01-07 16:39:00.316953
295,194,Pago Qr Pollo Al Carb,987331222,True,2026-01-07 16:39:00.316953
148,86,Transferencia Cta Suc,02902749767,True,2026-01-07 16:39:00.316953
299,198,Pago De Nomi Proteccion,900379921,True,2026-01-07 16:39:00.316953
300,198,Pago De Prov F Pens,800198281,True,2026-01-07 16:39:00.316953
306,201,Pago Qr Salpifresh,943102318,True,2026-01-07 16:39:00.316953
307,203,Transferencia Cta Suc Virtual,36668572302,True,2026-01-07 16:39:00.316953
308,204,Transferencia Cta Suc Virtual,10270061490,True,2026-01-07 16:39:00.316953
309,205,Transferencia Cta Suc Virtual,58449164201,True,2026-01-07 16:39:00.316953
311,208,Pago Qr Santiago Eduardo Pel,944602944,True,2026-01-07 16:39:00.316953
312,209,Transferencia Cta Suc Virtual,34246975355,True,2026-01-07 16:39:00.316953
313,210,Transferencia Cta Suc Virtual,93598766124,True,2026-01-07 16:39:00.316953
323,219,Transferencia Cta Suc Virtual,55600000560,True,2026-01-07 16:39:00.316953
324,220,Transferencia Cta Suc,24500000743,True,2026-01-07 16:39:00.316953
326,222,Transferencia Cta Suc Virtual,10022305343,True,2026-01-07 16:39:00.316953
329,225,Pago Qr Tecniplantas,946144721,True,2026-01-07 16:39:00.316953
332,228,Pago Pse,1541161769,True,2026-01-07 16:39:00.316953
333,228,Pago Pse,1732257424,True,2026-01-07 16:39:00.316953
335,228,Transferencia A Nequi,3046739503,True,2026-01-07 16:39:00.316953
336,228,Transferencia A Nequi,3148559824,True,2026-01-07 16:39:00.316953
337,229,Transferencia Cta Suc,2300029020,True,2026-01-07 16:39:00.316953
339,230,Transf A Une Epm Telecomunica,956405074563,True,2026-01-07 16:39:00.316953
344,234,Transferencia A Nequi,3138572492,True,2026-01-07 16:39:00.316953
345,235,Transf Qr Valentina Mercado A,37570240731,True,2026-01-07 16:39:00.316953
346,236,Transferencia Cta Suc Virtual,54100043290,True,2026-01-07 16:39:00.316953
348,238,Transferencia A Nequi,3116094642,True,2026-01-07 16:39:00.316953
352,241,Transferencia Cta Suc Virtual,24752735570,True,2026-01-07 16:39:00.316953
353,243,Transferencia A Nequi,3007585932,True,2026-01-07 16:39:00.316953
355,245,Transferencia A Nequi,3146167578,True,2026-01-07 16:39:00.316953
356,246,Transferencia A Nequi,3046365107,True,2026-01-07 16:39:00.316953
357,246,Transferencia A Nequi,3188899950,True,2026-01-07 16:39:00.316953
358,246,Transferencia A Nequi,3014862783,True,2026-01-07 16:39:00.316953
359,246,Transferencia A Nequi,3215905584,True,2026-01-07 16:39:00.316953
360,247,Transferencia Cta Suc Virtual,818719159,True,2026-01-07 16:39:00.316953
364,249,Transferencia Cta Suc Virtual,10302316679,True,2026-01-07 16:39:00.316953
365,250,Transferencia A Nequi,3009074807,True,2026-01-07 16:39:00.316953
366,251,Pago Qr Colegiatura D,939179189,True,2026-01-07 16:39:00.316953
158,98,Retiro Cajero Cajero Cent Int,00190644952,True,2026-01-07 16:39:00.316953
45,231,Transferencia Cta Suc Virtual,10028827248,True,2026-01-07 16:39:00.316953
301,198,Transferencia Cta Suc Virtual,01678703725,True,2026-01-07 16:39:00.316953
310,207,Transferencia Cta Suc Virtual,01036272224,True,2026-01-07 16:39:00.316953
315,212,Transferencia Cta Suc Virtual,02331121935,True,2026-01-07 16:39:00.316953
318,215,Transferencia Cta Suc Virtual,02300007810,True,2026-01-07 16:39:00.316953
328,224,Transferencia Cta Suc Virtual,02300002888,True,2026-01-07 16:39:00.316953
347,237,Transferencia Cta Suc Virtual,01539995923,True,2026-01-07 16:39:00.316953
354,244,Transferencia Cta Suc Virtual,02325670404,True,2026-01-07 16:39:00.316953
351,240,Transferencia Cta Suc,02399359743,True,2026-01-07 16:39:00.316953
